1.List product name, price except DOVE on price order.

mysql> SELECT PNAME,PRICE FROM PRODUCT WHERE PNAME!='DOVE' ORDER BY PRICE ASC;
+------------+-------+
| PNAME      | PRICE |
+------------+-------+
| DAZLER     |  1.94 |
| BLUELADY   |  2.55 |
| ALLENSOLLY |  2.75 |
| lUX        |  6.00 |
| NIKE       |  6.02 |
| FOGG       |  6.02 |
| PUMA       |  9.18 |
+------------+-------+
7 rows in set (0.00 sec)

2.Find minimum, maximum and average price of products.

mysql> SELECT MIN(PRICE),MAX(PRICE),AVG(PRICE) FROM PRODUCT;
+------------+------------+------------+
| MIN(PRICE) | MAX(PRICE) | AVG(PRICE) |
+------------+------------+------------+
|       1.94 |       9.18 |   4.945000 |
+------------+------------+------------+
1 row in set (0.00 sec)

3.Find number of customers in each city.

mysql> SELECT COUNT(*),CITY FROM CUSTOMER GROUP BY CITY;
+----------+----------+
| COUNT(*) | CITY     |
+----------+----------+
|        2 | CALICUT  |
|        2 | BANGLORE |
|        1 | CHENNAI  |
|        2 | KOLKATA  |
|        1 | KOCHI    |
+----------+----------+
5 rows in set (0.00 sec)

4.Find number of customers in each city, only include city with more than 2 customers.

mysql> SELECT * FROM CUSTOMER;
+----+-------+-------------------+----------+------------+
| ID | NAME  | ADDRESS           | CITY     | PH_N0      |
+----+-------+-------------------+----------+------------+
|  1 | RIYA  | PALLATH           | CALICUT  | 9876545612 |
|  2 | LIYA  | PALLIKKADAVATH    | BANGLORE | 9876545613 |
|  3 | MIYA  | THEKKEPUZHIYIL    | CHENNAI  | 3948478389 |
|  4 | SIYA  | KEZHAKKETHIRUVATH | KOLKATA  | 3647882937 |
|  5 | ZIYA  | SREENILAYAM       | KOCHI    | 9372537698 |
|  6 | ROY   | CHAKKITAKANDI     | BANGLORE | 8493678465 |
|  7 | TONY  | VADASSERI         | KOLKATA  | 9876543210 |
|  8 | BONY  | GREENVILLA        | CALICUT  | NULL       |
|  9 | DHIYA | MANGALASSERI      | CALICUT  | 9830908065 |
+----+-------+-------------------+----------+------------+
9 rows in set (0.00 sec)

mysql> SELECT COUNT(*),CITY FROM CUSTOMER GROUP BY CITY HAVING COUNT(*)>2;
+----------+---------+
| COUNT(*) | CITY    |
+----------+---------+
|        3 | CALICUT |
+----------+---------+
1 row in set (0.00 sec)

5.Show data as displayed ‘who, where’ Eg: ‘customer1 lives in ekm’.

mysql> SELECT CONCAT(NAME, " LIVES IN ", CITY) AS CUST_INFO FROM CUSTOMER;
+------------------------+
| CUST_INFO              |
+------------------------+
| RIYA LIVES IN CALICUT  |
| LIYA LIVES IN BANGLORE |
| MIYA LIVES IN CHENNAI  |
| SIYA LIVES IN KOLKATA  |
| ZIYA LIVES IN KOCHI    |
| ROY LIVES IN BANGLORE  |
| TONY LIVES IN KOLKATA  |
| BONY LIVES IN CALICUT  |
+------------------------+
8 rows in set (0.00 sec)


