1. Create a view for customers who have purchased products.
mysql> SELECT * FROM CUSTOMER;
+----+------+-------------------+----------+------------+
| ID | NAME | ADDRESS           | CITY     | PH_N0      |
+----+------+-------------------+----------+------------+
|  1 | RIYA | PALLATH           | CALICUT  | 9876545612 |
|  2 | LIYA | PALLIKKADAVATH    | BANGLORE | 9876545613 |
|  3 | MIYA | THEKKEPUZHIYIL    | CHENNAI  | 3948478389 |
|  4 | SIYA | KEZHAKKETHIRUVATH | KOLKATA  | 3647882937 |
|  5 | ZIYA | SREENILAYAM       | KOCHI    | 9372537698 |
|  6 | ROY  | CHAKKITAKANDI     | BANGLORE | 8493678465 |
|  7 | TONY | VADASSERI         | KOLKATA  | 9876543210 |
|  8 | BONY | GREENVILLA        | CALICUT  | NULL       |
+----+------+-------------------+----------+------------+
8 rows in set (0.01 sec)

mysql> SELECT * FROM INVOICE_MASTER;
+--------+------+------------+
| INV_ID | ID   | INV_DATE   |
+--------+------+------------+
|      1 |    1 | 2023-01-01 |
|      2 |    3 | 2023-01-04 |
|      3 |    3 | 2023-01-15 |
|      4 |    4 | 2023-02-12 |
|      5 |    6 | 2023-02-14 |
|      6 |    6 | 2023-02-23 |
|      7 |    7 | 2023-03-04 |
+--------+------+------------+
7 rows in set (0.01 sec)

mysql> create view Cust_view as select NAME from CUSTOMER where ID in(select ID from INVOICE_MASTER);
Query OK, 0 rows affected (0.00 sec)

mysql> select * from Cust_view;
+------+
| NAME |
+------+
| RIYA |
| MIYA |
| SIYA |
| ROY  |
| TONY |
+------+
5 rows in set (0.01 sec)

2. Create a view for invoice products[cust_name, , inv_id, product_id, quantity]

mysql> create view product as select CUSTOMER.NAME,INVOICE_MASTER.INV_ID,PRODUCT.PID,INVOICE_ITEM.QUANTITY from CUSTOMER inner join INVOICE_MA
STER on CUSTOMER.ID=INVOICE_MASTER.ID inner join INVOICE_ITEM on INVOICE_MASTER.ID=INVOICE_ITEM.INV_ID inner join PRODUCT on PRODUCT.PID=INVOICE_ITEM.PID;
Query OK, 0 rows affected (0.00 sec)

mysql> select * from product;
+------+--------+-----+----------+
| NAME | INV_ID | PID | QUANTITY |
+------+--------+-----+----------+
| RIYA |      1 |   1 |        2 |
| MIYA |      3 |   3 |       10 |
| MIYA |      2 |   3 |       10 |
| SIYA |      4 |   4 |        5 |
| ROY  |      6 |   6 |        4 |
| ROY  |      5 |   6 |        4 |
| TONY |      7 |   7 |       90 |
| TONY |      7 |   1 |        2 |
+------+--------+-----+----------+
8 rows in set (0.01 sec)
