1.List all customer details.

mysql> SELECT * FROM CUSTOMER;
+----+------+-------------------+----------+------------+
| ID | NAME | ADDRESS           | CITY     | PH_N0      |
+----+------+-------------------+----------+------------+
|  1 | RIYA | PALLATH           | CALICUT  | 9876545612 |
|  2 | LIYA | PALLIKKADAVATH    | BANGLORE | 9876545613 |
|  3 | MIYA | THEKKEPUZHIYIL    | CHENNAI  | 3948478389 |
|  4 | SIYA | KEZHAKKETHIRUVATH | KOLKATA  | 3647882937 |
|  5 | ZIYA | SREENILAYAM       | KOCHI    | 9372537698 |
|  6 | ROY  | CHAKKITAKANDI     | BANGLORE | 8493678465 |
|  7 | TONY | VADASSERI         | KOLKATA  | 9876543210 |
+----+------+-------------------+----------+------------+
7 rows in set (0.00 sec)


2.List pname, price of all products.

mysql> SELECT PNAME,PRICE FROM PRODUCT;
+------------+-------+
| PNAME      | PRICE |
+------------+-------+
| DOVE       |  5.10 |
| DAZLER     |  1.94 |
| BLUELADY   |  2.55 |
| PUMA       |  9.18 |
| NIKE       |  6.02 |
| ALLENSOLLY |  2.75 |
| FOGG       |  6.02 |
+------------+-------+
7 rows in set (0.00 sec)


3.List all invoice items, avoid duplicates.

mysql> SELECT DISTINCT INV_ID FROM INVOICE_ITEM;
+--------+
| INV_ID |
+--------+
|      1 |
|      2 |
|      3 |
|      4 |
|      5 |
|      6 |
|      7 |
+--------+
7 rows in set (0.00 sec)


4.List product price between 50rs and 150rs

mysql> SELECT * FROM PRODUCT WHERE PRICE  BETWEEN 2.55 AND 6.02;
+-----+------------+-------+
| PID | PNAME      | PRICE |
+-----+------------+-------+
|   1 | DOVE       |  5.10 |
|   3 | BLUELADY   |  2.55 |
|   5 | NIKE       |  6.02 |
|   6 | ALLENSOLLY |  2.75 |
|   7 | FOGG       |  6.02 |
+-----+------------+-------+
5 rows in set (0.00 sec)


5.List the customer details who lives in ‘CALICUT’,’BANGLORE’.

mysql> SELECT * FROM CUSTOMER WHERE  CITY="CALICUT" OR  CITY="BANGLORE";
+----+------+----------------+----------+------------+
| ID | NAME | ADDRESS        | CITY     | PH_N0      |
+----+------+----------------+----------+------------+
|  1 | RIYA | PALLATH        | CALICUT  | 9876545612 |
|  2 | LIYA | PALLIKKADAVATH | BANGLORE | 9876545613 |
|  6 | ROY  | CHAKKITAKANDI  | BANGLORE | 8493678465 |
+----+------+----------------+----------+------------+
3 rows in set (0.00 sec)


6.List the invoice details from 1st January 2023 to 12th February 2023

mysql>  SELECT * FROM INVOICE_MASTER WHERE INV_DATE between '2023-01-01' and '2023-02-12';
+--------+------+------------+
| INV_ID | ID   | INV_DATE   |
+--------+------+------------+
|      1 |    1 | 2023-01-01 |
|      2 |    3 | 2023-01-04 |
|      3 |    3 | 2023-01-15 |
|      4 |    4 | 2023-02-12 |
+--------+------+------------+
4 rows in set (0.00 sec)

7.List the customer details who not live in ‘CALICUT’.

mysql> select * from CUSTOMER  where CITY!="CALICUT";
+----+------+-------------------+----------+------------+
| ID | NAME | ADDRESS           | CITY     | PH_N0      |
+----+------+-------------------+----------+------------+
|  2 | LIYA | PALLIKKADAVATH    | BANGLORE | 9876545613 |
|  3 | MIYA | THEKKEPUZHIYIL    | CHENNAI  | 3948478389 |
|  4 | SIYA | KEZHAKKETHIRUVATH | KOLKATA  | 3647882937 |
|  5 | ZIYA | SREENILAYAM       | KOCHI    | 9372537698 |
|  6 | ROY  | CHAKKITAKANDI     | BANGLORE | 8493678465 |
|  7 | TONY | VADASSERI         | KOLKATA  | 9876543210 |
+----+------+-------------------+----------+------------+
6 rows in set (0.00 sec)

8.List the customers who have no phone number.

mysql> SELECT * FROM CUSTOMER WHERE PH_N0 IS NULL;
+----+------+------------+---------+-------+
| ID | NAME | ADDRESS    | CITY    | PH_N0 |
+----+------+------------+---------+-------+
|  8 | BONY | GREENVILLA | CALICUT | NULL  |
+----+------+------------+---------+-------+
1 row in set (0.00 sec)

9.Display customer names in descending order.

mysql> SELECT NAME FROM CUSTOMER ORDER BY NAME  DESC;
+------+
| NAME |
+------+
| ZIYA |
| TONY |
| SIYA |
| ROY  |
| RIYA |
| MIYA |
| LIYA |
| BONY |
+------+
8 rows in set (0.00 sec)

10. Display the customer details sorted in ascending by city and descending by names.

mysql> select * from CUSTOMER order by CITY asc,NAME desc;
+----+------+-------------------+----------+------------+
| ID | NAME | ADDRESS           | CITY     | PH_N0      |
+----+------+-------------------+----------+------------+
|  6 | ROY  | CHAKKITAKANDI     | BANGLORE | 8493678465 |
|  2 | LIYA | PALLIKKADAVATH    | BANGLORE | 9876545613 |
|  1 | RIYA | PALLATH           | CALICUT  | 9876545612 |
|  8 | BONY | GREENVILLA        | CALICUT  | NULL       |
|  3 | MIYA | THEKKEPUZHIYIL    | CHENNAI  | 3948478389 |
|  5 | ZIYA | SREENILAYAM       | KOCHI    | 9372537698 |
|  7 | TONY | VADASSERI         | KOLKATA  | 9876543210 |
|  4 | SIYA | KEZHAKKETHIRUVATH | KOLKATA  | 3647882937 |
+----+------+-------------------+----------+------------+
8 rows in set (0.01 sec)

11. Find the customer names start with ‘B’.

mysql> SELECT NAME FROM CUSTOMER WHERE NAME LIKE 'B%';
+------+
| NAME |
+------+
| BONY |
+------+
1 row in set (0.00 sec)

12. Find the customer names who have ‘e’ or ‘a’ in them.

13. Find the customer names who have at least 3 characters.

mysql>  SELECT NAME FROM CUSTOMER WHERE NAME LIKE '___%';
+------+
| NAME |
+------+
| RIYA |
| LIYA |
| MIYA |
| SIYA |
| ZIYA |
| ROY  |
| TONY |
| BONY |
+------+
8 rows in set (0.00 sec)

14. List the names of customers their names have ‘O’ in second position.

mysql> SELECT NAME FROM CUSTOMER WHERE NAME LIKE '_O%';
+------+
| NAME |
+------+
| ROY  |
| TONY |
| BONY |
+------+
3 rows in set (0.00 sec)

15. Find the customer names start with ‘Z’ and are at least 4 characters in leng

mysql> SELECT NAME FROM CUSTOMER WHERE NAME LIKE 'Z__%';
+------+
| NAME |
+------+
| ZIYA |
+------+
1 row in set (0.00 sec)

