1.List product name, price except DOVE on price order.

mysql> SELECT PNAME,PRICE FROM PRODUCT WHERE PNAME!='DOVE' ORDER BY PRICE ASC;
+------------+-------+
| PNAME      | PRICE |
+------------+-------+
| DAZLER     |  1.94 |
| BLUELADY   |  2.55 |
| ALLENSOLLY |  2.75 |
| lUX        |  6.00 |
| NIKE       |  6.02 |
| FOGG       |  6.02 |
| PUMA       |  9.18 |
+------------+-------+
7 rows in set (0.00 sec)

2.Find minimum, maximum and average price of products.

mysql> SELECT MIN(PRICE),MAX(PRICE),AVG(PRICE) FROM PRODUCT;
+------------+------------+------------+
| MIN(PRICE) | MAX(PRICE) | AVG(PRICE) |
+------------+------------+------------+
|       1.94 |       9.18 |   4.945000 |
+------------+------------+------------+
1 row in set (0.00 sec)

3.Find number of customers in each city.

mysql> SELECT COUNT(*),CITY FROM CUSTOMER GROUP BY CITY;
+----------+----------+
| COUNT(*) | CITY     |
+----------+----------+
|        2 | CALICUT  |
|        2 | BANGLORE |
|        1 | CHENNAI  |
|        2 | KOLKATA  |
|        1 | KOCHI    |
+----------+----------+
5 rows in set (0.00 sec)

4.Find number of customers in each city, only include city with more than 3 customers.

mysql> SELECT COUNT(*),CITY FROM CUSTOMER GROUP BY CITY HAVING COUNT(*)>1;
+----------+----------+
| COUNT(*) | CITY     |
+----------+----------+
|        2 | CALICUT  |
|        2 | BANGLORE |
|        2 | KOLKATA  |
+----------+----------+
3 rows in set (0.00 sec)

5.Show data as displayed ‘who, where’ Eg: ‘customer1 lives in ekm’.

mysql> SELECT CONCAT(NAME, " LIVES IN ", CITY) AS CUST_INFO FROM CUSTOMER;
+------------------------+
| CUST_INFO              |
+------------------------+
| RIYA LIVES IN CALICUT  |
| LIYA LIVES IN BANGLORE |
| MIYA LIVES IN CHENNAI  |
| SIYA LIVES IN KOLKATA  |
| ZIYA LIVES IN KOCHI    |
| ROY LIVES IN BANGLORE  |
| TONY LIVES IN KOLKATA  |
| BONY LIVES IN CALICUT  |
+------------------------+
8 rows in set (0.00 sec)

