1.2 DML COMMANDS 
      a) DML COMMANDS-INSERT
1.Insert values in EMPLOYEE table.
      
  mysql> DESC EMPLOYEE;
+----------+-------------+------+-----+---------+-------+
| Field    | Type        | Null | Key | Default | Extra |
+----------+-------------+------+-----+---------+-------+
| SSN      | int         | YES  | UNI | NULL    |       |
| name     | varchar(20) | YES  |     | NULL    |       |
| city     | varchar(30) | YES  |     | NULL    |       |
| dob      | year        | YES  |     | NULL    |       |
| adhar_no | int         | YES  | UNI | NULL    |       |
+----------+-------------+------+-----+---------+-------+
5 rows in set (0.01 sec)

mysql> INSERT INTO EMPLOYEE VALUES(1,'RIYA','KOLKATA',2000,34526)2,'LIYA','BANGLORE',2001,24526),(3,'MIYA','BANGLORE',2002,67526),(4,'ZIYA','CALICUT',2001,90526),(5,'DIYA','KOCHI',1998,24326);
Query OK, 4 rows affected (0.01 sec)
Records: 4  Duplicates: 0  Warnings: 0

mysql> SELECT * FROM EMPLOYEE;
+------+------+----------+------+----------+
| SSN  | name | city     | dob  | adhar_no |
+------+------+----------+------+----------+
|    1 | RIYA | KOLKATA  | 2000 |    34526 |
|    2 | LIYA | BANGLORE | 2001 |    24526 |
|    3 | MIYA | BANGLORE | 2002 |    67526 |
|    4 | ZIYA | CALICUT  | 2001 |    90526 |
|    5 | DIYA | KOCHI    | 1998 |    24326 |
+------+------+----------+------+----------+

 2.Insert values in STUDENT table.

mysql> DESC STUDENT;
+---------+-------------+------+-----+---------+-------+
| Field   | Type        | Null | Key | Default | Extra |
+---------+-------------+------+-----+---------+-------+
| roll_no | int         | NO   |     | NULL    |       |
| name    | varchar(20) | NO   |     | NULL    |       |
| AGE     | int         | YES  |     | NULL    |       |
| address | varchar(40) | YES  |     | NULL    |       |
| gender  | varchar(20) | YES  |     | m       |       |
+---------+-------------+------+-----+---------+-------+
5 rows in set (0.00 sec)

mysql> INSERT INTO STUDENT VALUES(001,'RONY',20,'CALICUT','m'),(002,'RIYA',21,'WAYANAD','f'),(003,'LIYA',20,'KOCHI','f'),(004,'TONY',23,'BANGLORE','m'),(005,'ZIYA',22,'KOLKATA','f');
Query OK, 5 rows affected (0.01 sec)
Records: 5  Duplicates: 0  Warnings: 0

mysql> SELECT *FROM STUDENT;
+---------+------+------+----------+--------+
| roll_no | name | AGE  | address  | gender |
+---------+------+------+----------+--------+
|       1 | RONY |   20 | CALICUT  | m      |
|       2 | RIYA |   21 | WAYANAD  | f      |
|       3 | LIYA |   20 | KOCHI    | f      |
|       4 | TONY |   23 | BANGLORE | m      |
|       5 | ZIYA |   22 | KOLKATA  | f      |
+---------+------+------+----------+--------+
5 rows in set (0.00 sec)

 
3.Insert values in INVOICE database


mysql> use INVOICE;
Reading table information for completion of table and column names
You can turn off this feature to get a quicker startup with -A

Database changed
mysql> SHOW TABLES;
+-------------------+
| Tables_in_INVOICE |
+-------------------+
| CUSTOMER          |
| INVOICE_ITEM      |
| INVOICE_MASTER    |
| PRODUCT           |
+-------------------+
4 rows in set (0.01 sec)

//INVOICE

 mysql> DESC CUSTOMER;
+---------+-------------+------+-----+---------+-------+
| Field   | Type        | Null | Key | Default | Extra |
+---------+-------------+------+-----+---------+-------+
| ID      | int         | NO   | PRI | NULL    |       |
| NAME    | varchar(20) | YES  |     | NULL    |       |
| ADDRESS | varchar(40) | YES  |     | NULL    |       |
| CITY    | varchar(40) | YES  |     | NULL    |       |
| PH_N0   | int         | YES  |     | NULL    |       |
+---------+-------------+------+-----+---------+-------+
5 rows in set (0.00 sec)

mysql> INSERT INTO CUSTOMER VALUES(1,'RIYA','PALLATH','CALICUT',9876545612),(2,'LIYA','PALLIKKADAVATH','BANGLORE',9876545613),(3,'MIYA','THEKKEPUZHIYIL','CHENNAI',3948478389),(4,'SIYA','KEZHAKKETHIRUVATH','KOLKATA',3647882937),(5,'ZIYA','SREENILAYAM','KOCHI',9372537698),(6,'ROY','CHAKKITAKANDI','BANGLORE',8493678465),(7,'TONY','VADASSERI','KOLKATA',9876543210);
Query OK, 7 rows affected (0.00 sec)
Records: 7  Duplicates: 0  Warnings: 0

mysql> SELECT * FROM CUSTOMER;
+----+------+-------------------+----------+------------+
| ID | NAME | ADDRESS           | CITY     | PH_N0      |
+----+------+-------------------+----------+------------+
|  1 | RIYA | PALLATH           | CALICUT  | 9876545612 |
|  2 | LIYA | PALLIKKADAVATH    | BANGLORE | 9876545613 |
|  3 | MIYA | THEKKEPUZHIYIL    | CHENNAI  | 3948478389 |
|  4 | SIYA | KEZHAKKETHIRUVATH | KOLKATA  | 3647882937 |
|  5 | ZIYA | SREENILAYAM       | KOCHI    | 9372537698 |
|  6 | ROY  | CHAKKITAKANDI     | BANGLORE | 8493678465 |
|  7 | TONY | VADASSERI         | KOLKATA  | 9876543210 |
+----+------+-------------------+----------+------------+
7 rows in set (0.00 sec)

//PRODUCT
mysql> DESC PRODUCT;
+-------+--------------+------+-----+---------+-------+
| Field | Type         | Null | Key | Default | Extra |
+-------+--------------+------+-----+---------+-------+
| PID   | int          | NO   | PRI | NULL    |       |
| PNAME | varchar(20)  | YES  |     | NULL    |       |
| PRICE | decimal(3,2) | YES  |     | 0.00    |       |
+-------+--------------+------+-----+---------+-------+
3 rows in set (0.00 sec)

mysql> INSERT INTO PRODUCT VALUES(001,'DOVE',2.50),(002,'DAZLER',1.90),(003,'BLUELADY',2.50),(004,'PUMA',9.00),(005,'NIKE',5.90),(006,'ALLENSOLLY',2.70),(007,'FOGG',5.9);
Query OK, 7 rows affected (0.00 sec)
Records: 7  Duplicates: 0  Warnings: 0

mysql> SELECT * FROM PRODUCT;
+-----+------------+-------+
| PID | PNAME      | PRICE |
+-----+------------+-------+
|   1 | DOVE       |  2.50 |
|   2 | DAZLER     |  1.90 |
|   3 | BLUELADY   |  2.50 |
|   4 | PUMA       |  9.00 |
|   5 | NIKE       |  5.90 |
|   6 | ALLENSOLLY |  2.70 |
|   7 | FOGG       |  5.90 |
+-----+------------+-------+
7 rows in set (0.00 sec)

//INVOICE_MASTER
mysql> DESC  INVOICE_MASTER;
+----------+------+------+-----+---------+-------+
| Field    | Type | Null | Key | Default | Extra |
+----------+------+------+-----+---------+-------+
| INV_ID   | int  | NO   | PRI | NULL    |       |
| ID       | int  | YES  | MUL | NULL    |       |
| INV_DATE | date | YES  |     | NULL    |       |
+----------+------+------+-----+---------+-------+
3 rows in set (0.00 sec)

mysql> INSERT INTO INVOICE_MASTER VALUES(01,1,'2023-01-01'),(02,3,'2023-01-04'),(03,3,'2023-01-15'),(04,4,'2023-02-12'),(05,6,'2023-02-14'),(06,6,'2023-02-23'),(07,7,'2023-03-04');
Query OK, 8 rows affected (0.01 sec)
Records: 8  Duplicates: 0  Warnings: 0

mysql> SELECT * FROM INVOICE_MASTER;
+--------+------+------------+
| INV_ID | ID   | INV_DATE   |
+--------+------+------------+
|      1 |    1 | 2023-01-01 |
|      2 |    3 | 2023-01-04 |
|      3 |    3 | 2023-01-15 |
|      4 |    4 | 2023-02-12 |
|      5 |    6 | 2023-02-14 |
|      6 |    6 | 2023-02-23 |
|      7 |    7 | 2023-03-04 |
+--------+------+------------+
7 rows in set (0.00 sec)


//INVOICE_ITEM

mysql> DESC INVOICE_ITEM;
+----------+------+------+-----+---------+-------+
| Field    | Type | Null | Key | Default | Extra |
+----------+------+------+-----+---------+-------+
| INV_ID   | int  | YES  | MUL | NULL    |       |
| PID      | int  | YES  | MUL | NULL    |       |
| QUANTITY | int  | YES  |     | NULL    |       |
+----------+------+------+-----+---------+-------+
3 rows in set (0.01 sec)

mysql> INSERT INTO INVOICE_ITEM VALUES(1,1,2),(2,2,4),(3,3,10),(4,4,5),(5,5,1),(6,6,4),(7,7,90);
Query OK, 7 rows affected (0.01 sec)
Records: 7  Duplicates: 0  Warnings: 0

mysql> SELECT * FROM INVOICE_ITEM;   //CHANGE THE TABLE
+--------+------+----------+
| INV_ID | PID  | QUANTITY |
+--------+------+----------+
|      1 |    1 |        2 |
|      2 |    2 |        4 |
|      3 |    3 |       10 |
|      4 |    4 |        5 |
|      5 |    5 |        1 |
|      6 |    6 |        4 |
|      7 |    7 |       90 |
+--------+------+----------+
7 rows in set (0.00 sec)


b)DML COMMANDS- UPDATE
1. Update the price of a particular product. 
mysql> SELECT * FROM PRODUCT;;
+-----+------------+-------+
| PID | PNAME      | PRICE |
+-----+------------+-------+
|   1 | DOVE       |  2.50 |
|   2 | DAZLER     |  1.90 |
|   3 | BLUELADY   |  2.50 |
|   4 | PUMA       |  9.00 |
|   5 | NIKE       |  5.90 |
|   6 | ALLENSOLLY |  2.70 |
|   7 | FOGG       |  5.90 |
+-----+------------+-------+
7 rows in set (0.01 sec)

mysql> UPDATE PRODUCT SET PRICE=5.00 WHERE PID=1;
Query OK, 1 row affected (0.01 sec)
Rows matched: 1  Changed: 1  Warnings: 0

mysql> SELECT * FROM PRODUCT;
+-----+------------+-------+
| PID | PNAME      | PRICE |
+-----+------------+-------+
|   1 | DOVE       |  5.00 |
|   2 | DAZLER     |  1.90 |
|   3 | BLUELADY   |  2.50 |
|   4 | PUMA       |  9.00 |
|   5 | NIKE       |  5.90 |
|   6 | ALLENSOLLY |  2.70 |
|   7 | FOGG       |  5.90 |
+-----+------------+-------+
7 rows in set (0.00 sec)

2. Change the name of city ‘calicut’ to ‘kozhikode’ in the customer table.
mysql> SELECT * FROM CUSTOMER;
+----+------+-------------------+----------+------------+
| ID | NAME | ADDRESS           | CITY     | PH_N0      |
+----+------+-------------------+----------+------------+
|  1 | RIYA | PALLATH           | CALICUT  | 9876545612 |
|  2 | LIYA | PALLIKKADAVATH    | BANGLORE | 9876545613 |
|  3 | MIYA | THEKKEPUZHIYIL    | CHENNAI  | 3948478389 |
|  4 | SIYA | KEZHAKKETHIRUVATH | KOLKATA  | 3647882937 |
|  5 | ZIYA | SREENILAYAM       | KOCHI    | 9372537698 |
|  6 | ROY  | CHAKKITAKANDI     | BANGLORE | 8493678465 |
|  7 | TONY | VADASSERI         | KOLKATA  | 9876543210 |
+----+------+-------------------+----------+------------+
7 rows in set (0.00 sec)

mysql> UPDATE CUSTOMER SET CITY='KOZHIKODE' WHERE ID=1;
Query OK, 1 row affected (0.00 sec)
Rows matched: 1  Changed: 1  Warnings: 0

mysql> SELECT * FROM CUSTOMER;
+----+------+-------------------+-----------+------------+
| ID | NAME | ADDRESS           | CITY      | PH_N0      |
+----+------+-------------------+-----------+------------+
|  1 | RIYA | PALLATH           | KOZHIKODE | 9876545612 |
|  2 | LIYA | PALLIKKADAVATH    | BANGLORE  | 9876545613 |
|  3 | MIYA | THEKKEPUZHIYIL    | CHENNAI   | 3948478389 |
|  4 | SIYA | KEZHAKKETHIRUVATH | KOLKATA   | 3647882937 |
|  5 | ZIYA | SREENILAYAM       | KOCHI     | 9372537698 |
|  6 | ROY  | CHAKKITAKANDI     | BANGLORE  | 8493678465 |
|  7 | TONY | VADASSERI         | KOLKATA   | 9876543210 |
+----+------+-------------------+-----------+------------+
7 rows in set (0.00 sec)

3. Update all prices with 2% of its original price. 

mysql> SELECT * FROM PRODUCT;
+-----+------------+-------+
| PID | PNAME      | PRICE |
+-----+------------+-------+
|   1 | DOVE       |  5.00 |
|   2 | DAZLER     |  1.90 |
|   3 | BLUELADY   |  2.50 |
|   4 | PUMA       |  9.00 |
|   5 | NIKE       |  5.90 |
|   6 | ALLENSOLLY |  2.70 |
|   7 | FOGG       |  5.90 |
+-----+------------+-------+
7 rows in set (0.00 sec)

mysql> UPDATE PRODUCT SET PRICE=PRICE+(PRICE*2/100);
Query OK, 7 rows affected, 4 warnings (0.01 sec)
Rows matched: 7  Changed: 7  Warnings: 4

mysql> SELECT * FROM PRODUCT;
+-----+------------+-------+
| PID | PNAME      | PRICE |
+-----+------------+-------+
|   1 | DOVE       |  5.10 |
|   2 | DAZLER     |  1.94 |
|   3 | BLUELADY   |  2.55 |
|   4 | PUMA       |  9.18 |
|   5 | NIKE       |  6.02 |
|   6 | ALLENSOLLY |  2.75 |
|   7 | FOGG       |  6.02 |
+-----+------------+-------+
7 rows in set (0.00 sec)

4. Change the address, city, phone number of a particular customer. 

mysql> UPDATE CUSTOMER SET ADDRESS='MANGALASSERI',CITY='DELHI',PH_N0=9876543437 WHERE ID=6;
Query OK, 1 row affected (0.01 sec)
Rows matched: 1  Changed: 1  Warnings: 0

mysql> SELECT * FROM CUSTOMER;
+----+------+-------------------+-----------+------------+
| ID | NAME | ADDRESS           | CITY      | PH_N0      |
+----+------+-------------------+-----------+------------+
|  1 | RIYA | PALLATH           | KOZHIKODE | 9876545612 |
|  2 | LIYA | PALLIKKADAVATH    | BANGLORE  | 9876545613 |
|  3 | MIYA | THEKKEPUZHIYIL    | CHENNAI   | 3948478389 |
|  4 | SIYA | KEZHAKKETHIRUVATH | KOLKATA   | 3647882937 |
|  5 | ZIYA | SREENILAYAM       | KOCHI     | 9372537698 |
|  6 | ROY  | MANGALASSERI      | DELHI     | 9876543437 |
|  7 | TONY | VADASSERI         | KOLKATA   | 9876543210 |
+----+------+-------------------+-----------+------------+
7 rows in set (0.00 sec)

5. Change the quantity of a purchased product of inv_id ‘101’
mysql> UPDATE INVOICE_ITEM SET QUANTITY=18 WHERE INV_ID=1;
Query OK, 1 row affected (0.00 sec)
Rows matched: 1  Changed: 1  Warnings: 0

mysql> SELECT*FROM INVOICE_ITEM;
+--------+------+----------+
| INV_ID | PID  | QUANTITY |
+--------+------+----------+
|      1 |    1 |       18 |
|      2 |    2 |        4 |
|      3 |    3 |       10 |
|      4 |    4 |        5 |
|      5 |    5 |        1 |
|      6 |    6 |        4 |
|      7 |    7 |       90 |
+--------+------+----------+
7 rows in set (0.00 sec)
 
c) DML COMMAND- DELETE
1. Delete the record of customer id ‘10001’. 
mysql> SELECT *FROM CUSTOMER;
+----+------+-------------------+-----------+------------+
| ID | NAME | ADDRESS           | CITY      | PH_N0      |
+----+------+-------------------+-----------+------------+
|  1 | RIYA | PALLATH           | KOZHIKODE | 9876545612 |
|  2 | LIYA | PALLIKKADAVATH    | BANGLORE  | 9876545613 |
|  3 | MIYA | THEKKEPUZHIYIL    | CHENNAI   | 3948478389 |
|  4 | SIYA | KEZHAKKETHIRUVATH | KOLKATA   | 3647882937 |
|  5 | ZIYA | SREENILAYAM       | KOCHI     | 9372537698 |
|  6 | ROY  | MANGALASSERI      | DELHI     | 9876543437 |
|  7 | TONY | VADASSERI         | KOLKATA   | 9876543210 |
|  8 | BONY | GREENVILLA        | GOA       | NULL       |
+----+------+-------------------+-----------+------------+
8 rows in set (0.00 sec)

mysql> DELETE FROM CUSTOMER WHERE ID=6;
Query OK, 1 row affected (0.00 sec)

mysql> SELECT * FROM CUSTOMER;
+----+------+-------------------+-----------+------------+
| ID | NAME | ADDRESS           | CITY      | PH_N0      |
+----+------+-------------------+-----------+------------+
|  1 | RIYA | PALLATH           | KOZHIKODE | 9876545612 |
|  2 | LIYA | PALLIKKADAVATH    | BANGLORE  | 9876545613 |
|  3 | MIYA | THEKKEPUZHIYIL    | CHENNAI   | 3948478389 |
|  4 | SIYA | KEZHAKKETHIRUVATH | KOLKATA   | 3647882937 |
|  5 | ZIYA | SREENILAYAM       | KOCHI     | 9372537698 |
|  7 | TONY | VADASSERI         | KOLKATA   | 9876543210 |
|  8 | BONY | GREENVILLA        | GOA       | NULL       |
+----+------+-------------------+-----------+------------+
7 rows in set (0.00 sec)


2. Delete all purchase details of items its quantity less than 2. 

mysql> DELETE FROM INVOICE_ITEM WHERE QUANTITY<2;
Query OK, 1 row affected (0.01 sec)

mysql> SELECT*FROM INVOICE_ITEM;
+--------+------+----------+
| INV_ID | PID  | QUANTITY |
+--------+------+----------+
|      1 |    1 |       18 |
|      2 |    2 |        4 |
|      3 |    3 |       10 |
|      4 |    4 |        5 |
|      6 |    6 |        4 |
|      7 |    7 |       90 |
+--------+------+----------+
6 rows in set (0.00 sec)

3. Delete the purchase details of product ‘PUMA’ in the in_id ‘4’. 

mysql> SELECT * FROM PRODUCT;
+-----+------------+-------+
| PID | PNAME      | PRICE |
+-----+------------+-------+
|   1 | DOVE       |  5.10 |
|   2 | DAZLER     |  1.94 |
|   3 | BLUELADY   |  2.55 |
|   4 | PUMA       |  9.18 |
|   5 | NIKE       |  6.02 |
|   6 | ALLENSOLLY |  2.75 |
|   7 | FOGG       |  6.02 |
+-----+------------+-------+
7 rows in set (0.00 sec)
mysql> SELECT * FROM INVOICE_ITEM;
+--------+------+----------+
| INV_ID | PID  | QUANTITY |
+--------+------+----------+
|      1 |    1 |       18 |
|      2 |    2 |        4 |
|      3 |    3 |       10 |
|      4 |    4 |        5 |
|      7 |    7 |       90 |
+--------+------+----------+
5 rows in set (0.00 sec)

mysql> DELETE FROM INVOICE_ITEM WHERE PID=4 AND INV_ID=4;
Query OK, 1 row affected (0.00 sec)

mysql> SELECT * FROM INVOICE_ITEM;
+--------+------+----------+
| INV_ID | PID  | QUANTITY |
+--------+------+----------+
|      1 |    1 |       18 |
|      2 |    2 |        4 |
|      3 |    3 |       10 |
|      7 |    7 |       90 |
+--------+------+----------+
4 rows in set (0.00 sec)


4. Delete details of employees who does not have phone number. 

mysql> SELECT * FROM CUSTOMER;
+----+------+-------------------+-----------+------------+
| ID | NAME | ADDRESS           | CITY      | PH_N0      |
+----+------+-------------------+-----------+------------+
|  1 | RIYA | PALLATH           | KOZHIKODE | 9876545612 |
|  2 | LIYA | PALLIKKADAVATH    | BANGLORE  | 9876545613 |
|  3 | MIYA | THEKKEPUZHIYIL    | CHENNAI   | 3948478389 |
|  4 | SIYA | KEZHAKKETHIRUVATH | KOLKATA   | 3647882937 |
|  5 | ZIYA | SREENILAYAM       | KOCHI     | 9372537698 |
|  7 | TONY | VADASSERI         | KOLKATA   | 9876543210 |
|  8 | BONY | GREENVILLA        | GOA       | NULL       |
+----+------+-------------------+-----------+------------+
7 rows in set (0.00 sec)

mysql> DELETE FROM CUSTOMER WHERE PH_N0 IS NULL;
Query OK, 1 row affected (0.00 sec)

mysql> SELECT * FROM CUSTOMER;
+----+------+-------------------+-----------+------------+
| ID | NAME | ADDRESS           | CITY      | PH_N0      |
+----+------+-------------------+-----------+------------+
|  1 | RIYA | PALLATH           | KOZHIKODE | 9876545612 |
|  2 | LIYA | PALLIKKADAVATH    | BANGLORE  | 9876545613 |
|  3 | MIYA | THEKKEPUZHIYIL    | CHENNAI   | 3948478389 |
|  4 | SIYA | KEZHAKKETHIRUVATH | KOLKATA   | 3647882937 |
|  5 | ZIYA | SREENILAYAM       | KOCHI     | 9372537698 |
|  7 | TONY | VADASSERI         | KOLKATA   | 9876543210 |
+----+------+-------------------+-----------+------------+
6 rows in set (0.00 sec)

5. Delete all records from STUDENT table.

mysql> SELECT * FROM STUDENT;
+---------+------+------+----------+--------+
| roll_no | name | AGE  | address  | gender |
+---------+------+------+----------+--------+
|       1 | RONY |   20 | CALICUT  | m      |
|       2 | RIYA |   21 | WAYANAD  | f      |
|       3 | LIYA |   20 | KOCHI    | f      |
|       4 | TONY |   23 | BANGLORE | m      |
|       5 | ZIYA |   22 | KOLKATA  | f      |
+---------+------+------+----------+--------+
5 rows in set (0.01 sec)

mysql> DELETE FROM STUDENT;
Query OK, 5 rows affected (0.00 sec)

mysql> SELECT * FROM STUDENT;
Empty set (0.00 sec)

6. Delete Invoice details of a particular customer.

mysql> SELECT * FROM INVOICE_MASTER;
+--------+------+------------+
| INV_ID | ID   | INV_DATE   |
+--------+------+------------+
|      1 |    1 | 2023-01-01 |
|      2 |    3 | 2023-01-04 |
|      3 |    3 | 2023-01-15 |
|      7 |    7 | 2023-03-04 |
|      8 |    7 | 2023-03-05 |
+--------+------+------------+
5 rows in set (0.00 sec)

mysql> DELETE FROM INVOICE_MASTER WHERE ID=4;
Query OK, 0 rows affected (0.00 sec)

mysql> SELECT * FROM INVOICE_MASTER;
+--------+------+------------+
| INV_ID | ID   | INV_DATE   |
+--------+------+------------+
|      1 |    1 | 2023-01-01 |
|      2 |    3 | 2023-01-04 |
|      3 |    3 | 2023-01-15 |
|      7 |    7 | 2023-03-04 |
|      8 |    7 | 2023-03-05 |
+--------+------+------------+
5 rows in set (0.00 sec)

//UPDATE INVOICE ITEM TABLE
//INVOICE ITEM DETAILS OF A PARTICULAR CUSTOMER
