1.List all customer details.

mysql> SELECT * FROM CUSTOMER;
+----+------+-------------------+----------+------------+
| ID | NAME | ADDRESS           | CITY     | PH_N0      |
+----+------+-------------------+----------+------------+
|  1 | RIYA | PALLATH           | CALICUT  | 9876545612 |
|  2 | LIYA | PALLIKKADAVATH    | BANGLORE | 9876545613 |
|  3 | MIYA | THEKKEPUZHIYIL    | CHENNAI  | 3948478389 |
|  4 | SIYA | KEZHAKKETHIRUVATH | KOLKATA  | 3647882937 |
|  5 | ZIYA | SREENILAYAM       | KOCHI    | 9372537698 |
|  6 | ROY  | CHAKKITAKANDI     | BANGLORE | 8493678465 |
|  7 | TONY | VADASSERI         | KOLKATA  | 9876543210 |
+----+------+-------------------+----------+------------+
7 rows in set (0.00 sec)


2.List pname, price of all products.

mysql> SELECT PNAME,PRICE FROM PRODUCT;
+------------+-------+
| PNAME      | PRICE |
+------------+-------+
| DOVE       |  5.10 |
| DAZLER     |  1.94 |
| BLUELADY   |  2.55 |
| PUMA       |  9.18 |
| NIKE       |  6.02 |
| ALLENSOLLY |  2.75 |
| FOGG       |  6.02 |
+------------+-------+
7 rows in set (0.00 sec)


3.List all invoice items, avoid duplicates.

mysql> SELECT DISTINCT INV_ID FROM INVOICE_ITEM;
+--------+
| INV_ID |
+--------+
|      1 |
|      2 |
|      3 |
|      4 |
|      5 |
|      6 |
|      7 |
+--------+
7 rows in set (0.00 sec)


4.List product price between 50rs and 150rs

mysql> SELECT * FROM PRODUCT WHERE PRICE  BETWEEN 2.55 AND 6.02;
+-----+------------+-------+
| PID | PNAME      | PRICE |
+-----+------------+-------+
|   1 | DOVE       |  5.10 |
|   3 | BLUELADY   |  2.55 |
|   5 | NIKE       |  6.02 |
|   6 | ALLENSOLLY |  2.75 |
|   7 | FOGG       |  6.02 |
+-----+------------+-------+
5 rows in set (0.00 sec)


5.List the customer details who lives in ‘CALICUT’,’BANGLORE’.

mysql> SELECT * FROM CUSTOMER WHERE  CITY="CALICUT" OR  CITY="BANGLORE";
+----+------+----------------+----------+------------+
| ID | NAME | ADDRESS        | CITY     | PH_N0      |
+----+------+----------------+----------+------------+
|  1 | RIYA | PALLATH        | CALICUT  | 9876545612 |
|  2 | LIYA | PALLIKKADAVATH | BANGLORE | 9876545613 |
|  6 | ROY  | CHAKKITAKANDI  | BANGLORE | 8493678465 |
+----+------+----------------+----------+------------+
3 rows in set (0.00 sec)


6.List the invoice details from 1st January 2023 to 15th February 2023


