1.2 DML COMMANDS 
      a) DML COMMANDS-INSERT
      1.Insert values in EMPLOYEE table.
      
mysql> INSERT INTO EMPLOYEE VALUES(1,'RIYA','KOLKATA',2000,34526)2,'LIYA','BANGLORE',2001,24526),(3,'MIYA','BANGLORE',2002,67526),(4,'ZIYA','CALICUT',2001,90526),(5,'DIYA','KOCHI',1998,24326);
Query OK, 4 rows affected (0.01 sec)
Records: 4  Duplicates: 0  Warnings: 0

mysql> SELECT * FROM EMPLOYEE;
+------+------+----------+------+----------+
| SSN  | name | city     | dob  | adhar_no |
+------+------+----------+------+----------+
|    1 | RIYA | KOLKATA  | 2000 |    34526 |
|    2 | LIYA | BANGLORE | 2001 |    24526 |
|    3 | MIYA | BANGLORE | 2002 |    67526 |
|    4 | ZIYA | CALICUT  | 2001 |    90526 |
|    5 | DIYA | KOCHI    | 1998 |    24326 |
+------+------+----------+------+----------+

 2.Insert values in STUDENT table.
 
mysql> INSERT INTO STUDENT VALUES(001,'RONY',20,'CALICUT','m'),(002,'RIYA',21,'WAYANAD','f'),(003,'LIYA',20,'KOCHI','f'),(004,'TONY',23,'BANGLORE','m'),(005,'ZIYA',22,'KOLKATA','f');
Query OK, 5 rows affected (0.01 sec)
Records: 5  Duplicates: 0  Warnings: 0

mysql> SELECT *FROM STUDENT;
+---------+------+------+----------+--------+
| roll_no | name | AGE  | address  | gender |
+---------+------+------+----------+--------+
|       1 | RONY |   20 | CALICUT  | m      |
|       2 | RIYA |   21 | WAYANAD  | f      |
|       3 | LIYA |   20 | KOCHI    | f      |
|       4 | TONY |   23 | BANGLORE | m      |
|       5 | ZIYA |   22 | KOLKATA  | f      |
+---------+------+------+----------+--------+
5 rows in set (0.00 sec)

 
3.Insert values in INVOICE database


mysql> use INVOICE;
Reading table information for completion of table and column names
You can turn off this feature to get a quicker startup with -A

Database changed
mysql> SHOW TABLES;
+-------------------+
| Tables_in_INVOICE |
+-------------------+
| CUSTOMER          |
| INVOICE_ITEM      |
| INVOICE_MASTER    |
| PRODUCT           |
+-------------------+
4 rows in set (0.01 sec)

//INVOICE
 
mysql> INSERT INTO CUSTOMER VALUES(1,'RIYA','PALLATH','CALICUT',9876545612),(2,'LIYA','PALLIKKADAVATH','BANGLORE',9876545613),(3,'MIYA','THEKKEPUZHIYIL','CHENNAI',3948478389),(4,'SIYA','KEZHAKKETHIRUVATH','KOLKATA',3647882937),(5,'ZIYA','SREENILAYAM','KOCHI',9372537698),(6,'ROY','CHAKKITAKANDI','BANGLORE',8493678465),(7,'TONY','VADASSERI','KOLKATA',9876543210);
Query OK, 7 rows affected (0.00 sec)
Records: 7  Duplicates: 0  Warnings: 0

mysql> SELECT * FROM CUSTOMER;
+----+------+-------------------+----------+------------+
| ID | NAME | ADDRESS           | CITY     | PH_N0      |
+----+------+-------------------+----------+------------+
|  1 | RIYA | PALLATH           | CALICUT  | 9876545612 |
|  2 | LIYA | PALLIKKADAVATH    | BANGLORE | 9876545613 |
|  3 | MIYA | THEKKEPUZHIYIL    | CHENNAI  | 3948478389 |
|  4 | SIYA | KEZHAKKETHIRUVATH | KOLKATA  | 3647882937 |
|  5 | ZIYA | SREENILAYAM       | KOCHI    | 9372537698 |
|  6 | ROY  | CHAKKITAKANDI     | BANGLORE | 8493678465 |
|  7 | TONY | VADASSERI         | KOLKATA  | 9876543210 |
+----+------+-------------------+----------+------------+
7 rows in set (0.00 sec)

//INVOICE_ITEM


